{
  "languages": [
    {
      "key": "en",
      "label": "English"
    },
    {
      "key": "es",
      "label": "Español"
    },
    {
      "key": "ch",
      "label": "中国人"
    }
  ],
  "en": {
    "save": "Save configuration",
    "organization_name": "Organisation Account Name",
    "organization_name_help": "Enter the 12-character SEEDS account name you have created for your organisation.",
    "invite_campaign_name": "Invite Campaign Name",
    "invite_campaign_name_help": "Enter the name of the Invite Campaign you created with your organisation account in the Global Passport.",
    "choose_btn": "Choose Button Style",
    "choose_multistep": "Choose Multistep Theme",
    "choose_place_btn": "Where do you want to place the button?",
    "btn_right": "Bottom Right",
    "btn_left": "Bottom Left",
    "manual_configuration": "Manual configuration",
    "full_code_description": "Copy and paste this code in your templete where you want the button to appear.",
    "short_code_description": "If you are using a template builder or any wordpress widget, just use this shortcode.",
    "configuration_updated": "Your configuration was updated!",
    "configuration_saved": "Your configuration is saved!",
    "copy": "Copy",
    "copy_success": "Copying to clipboard was successful!",
    "copy_error": "Could not copy text"
  },
  "es": {
    "save": "Guardar configuración",
    "organization_name": "Nombre de la cuenta de orgianización",
    "organization_name_help": "Ingrese el nombre de la cuenta SEEDS de 12 caracteres que ha creado para su organización.",
    "invite_campaign_name": "Nombre de campaña de invitación",
    "invite_campaign_name_help": "Ingrese el nombre de la Campaña de invitación que creó con la cuenta de su organización en Global Passport.",
    "choose_btn": "Selecciona el estilo del botón",
    "choose_multistep": "Selecciona el estilo de la tarjeta",
    "choose_place_btn": "¿Donde quieres que aparezca el botón?",
    "btn_right": "Inferior derecha",
    "btn_left": "Inferior izquierda",
    "manual_configuration": "Configuración manual",
    "full_code_description": "Copie y pegue este código en su plantilla donde desea que aparezca el botón.",
    "short_code_description": "Si está utilizando un creador de plantillas o cualquier widget de wordpress, simplemente use este shortcode.",
    "configuration_updated": "Se actualizo la información",
    "configuration_saved": "Se guardo la información",
    "copy": "Copiar",
    "copy_success": "¡La copia al portapapeles se realizó correctamente!",
    "copy_error": "No se pudo copiar el texto"
  },
  "ch": {
    "save": "保存设置",
    "organization_name": "组织帐户名称",
    "organization_name_help": "输入您为组织创建的12个字符的SEEDS帐户名。",
    "invite_campaign_name": "邀请广告系列名称",
    "invite_campaign_name_help": "在全球护照中输入您使用组织帐户创建的邀请活动的名称。",
    "choose_btn": "选择按钮样式",
    "choose_multistep": "选择多步主题",
    "choose_place_btn": "您要将按钮放置在哪里？",
    "btn_right": "右下",
    "btn_left": "左下方",
    "manual_configuration": "手动配置",
    "full_code_description": "将此代码复制并粘贴到您希望按钮出现的模板中。",
    "short_code_description": "如果您使用的是模板构建器或任何wordpress小部件，则只需使用此短代码。",
    "configuration_updated": "您的配置已更新！",
    "configuration_saved": "您的配置已保存！",
    "copy": "复制",
    "copy_success": "复制到剪贴板成功！",
    "copy_error": "无法复制文字"
  }
}