{
  "languages": [
    {
      "key": "en",
      "label": "English"
    },
    {
      "key": "es",
      "label": "Español"
    }
  ],
  "en": {
    "save": "Save configuration",
    "organization_name": "Organisation Account Name*",
    "organization_name_help": "Enter the 12-character SEEDS account name you have created for your organisation.",
    "invite_campaign_name": "Invite Campaign Name",
    "invite_campaign_name_help": "Enter the name of the Invite Campaign you created with your organisation account in the Global Passport.",
    "choose_btn": "Choose Button Style",
    "choose_multistep": "Choose Multistep Theme",
    "choose_place_btn": "Where do you want to place the button?",
    "btn_right": "Bottom Right",
    "btn_left": "Bottom Left",
    "manual_configuration": "Manual configuration",
    "full_code_description": "Copy and paste this code in your template where you want the button to appear.",
    "short_code_description": "If you are using a template builder or any wordpress widget, just use this shortcode.",
    "configuration_updated": "Your configuration was updated!",
    "configuration_saved": "Your configuration is saved!",
    "copy": "Copy",
    "copy_success": "Copying to clipboard was successful!",
    "copy_error": "Could not copy text",
    "local_amount": "Amount (in your local currency)*",
    "seeds_amount": "Amount (in Seeds)*",
    "current_symbol": "Local Currency Symbol*",
    "email": "Notification Email Address*",
    "imageUrl": "Product Image URL*",
    "productName": "Product Name*",
    "productDescription": "Product Short Description*",
    "callback": "Callback URL",
    "help_fields_filled": "You must fill all fields",
    "error": "Error",
    "callback_help": "Please add your website backend URL to receive transaction details back to your website backend each time a transaction is made.",
    "local_amount_help": "Please indicate the amount of your product in your local currency.",
    "current_symbol_help": "Please add the symbol or your local currency. Example $, €.",
    "seeds_amount_help": "Please indicate the amount of your product in Seeds. Latest conversion with USD can be found",
    "seeds_amount_here_help": "here",
    "email_help": "Please indicate the email address for your organisation to be notified when a purchase is made using the \"Pay with Seeds\" widget on your website.",
    "image_help": "Please add the URL of the image you want to display for this product.",
    "product_name_help": "Please add the public-facing name you want to display for this product.",
    "description_help": "Please add a short (max 80 characters) description of your product.",
    "automatically_configuration": "Automatic configuration",
    "refresh": "Refresh"
  },
  "es": {
    "save": "Guardar configuración",
    "organization_name": "Nombre de la cuenta de orgianización",
    "organization_name_help": "Ingrese el nombre de la cuenta SEEDS de 12 caracteres que ha creado para su organización.",
    "invite_campaign_name": "Nombre de campaña de invitación",
    "invite_campaign_name_help": "Ingrese el nombre de la Campaña de invitación que creó con la cuenta de su organización en Global Passport.",
    "choose_btn": "Selecciona el estilo del botón",
    "choose_multistep": "Selecciona el estilo de la tarjeta",
    "choose_place_btn": "¿Donde quieres que aparezca el botón?",
    "btn_right": "Inferior derecha",
    "btn_left": "Inferior izquierda",
    "manual_configuration": "Configuración manual",
    "full_code_description": "Copie y pegue este código en su plantilla donde desea que aparezca el botón.",
    "short_code_description": "Si está utilizando un creador de plantillas o cualquier widget de wordpress, simplemente use este shortcode.",
    "configuration_updated": "Se actualizo la información",
    "configuration_saved": "Se guardo la información",
    "copy": "Copiar",
    "copy_success": "¡La copia al portapapeles se realizó correctamente!",
    "copy_error": "No se pudo copiar el texto",
    "local_amount": "Precio (en su moneda local)*",
    "seeds_amount": "Precio (en Seeds)*",
    "current_symbol": "Símbolo de moneda local*",
    "email": "Email de notificación*",
    "imageUrl": "URL de la imagen del producto*",
    "productName": "Nombre del producto*",
    "productDescription": "Descripción corta del producto*",
    "callback": "Callback URL",
    "help_fields_filled": "Todos los campos deben estar llenos",
    "error": "Error",
    "callback_help": "Agregue la URL del backend de su sitio web para recibir los detalles de la transacción cada vez que su sitio realiza una transacción.",
    "local_amount_help": "Indique el precio del producto en su moneda local.",
    "current_symbol_help": "Please add the symbol or your local currency. Example $, €.",
    "seeds_amount_help": "Seleccione el símbolo o su moneda local. Ejemplo $, €.",
    "seeds_amount_here_help": "aquí",
    "email_help": "Indique la dirección de correo electrónico de su organización para recibir una notificación cuando se realice una compra mediante el widget \"Pay with Seeds\" en su sitio web.",
    "image_help": "Agregue la URL de la imagen que desea mostrar para este producto.",
    "product_name_help": "Agregue el nombre del producto que desea mostrar al público.",
    "description_help": "Agregue una descripción breve (máximo 80 caracteres) de su producto.",
    "automatically_configuration": "Configuración automatica",
    "refresh": "Actualizar"
  },
  "ch": {
    "save": "保存设置",
    "organization_name": "组织帐户名称",
    "organization_name_help": "输入您为组织创建的12个字符的SEEDS帐户名。",
    "invite_campaign_name": "邀请广告系列名称",
    "invite_campaign_name_help": "在全球护照中输入您使用组织帐户创建的邀请活动的名称。",
    "choose_btn": "选择按钮样式",
    "choose_multistep": "选择多步主题",
    "choose_place_btn": "您要将按钮放置在哪里？",
    "btn_right": "右下",
    "btn_left": "左下方",
    "manual_configuration": "手动配置",
    "full_code_description": "将此代码复制并粘贴到您希望按钮出现的模板中。",
    "short_code_description": "如果您使用的是模板构建器或任何wordpress小部件，则只需使用此短代码。",
    "configuration_updated": "您的配置已更新！",
    "configuration_saved": "您的配置已保存！",
    "copy": "复制",
    "copy_success": "复制到剪贴板成功！",
    "copy_error": "无法复制文字"
  }
}